prizeLabel,personLabel,sexlabel
Premio Goncourt,Elsa Triolet,femenino
Premio Nobel de Literatura,Halldór Laxness,masculino
Premio Nobel de Literatura,Elias Canetti,masculino
Premio Miguel de Cervantes,Jorge Luis Borges,masculino
Premio Nobel de Literatura,Bob Dylan,masculino
Premio Goncourt,Maurice Genevoix,masculino
Premio Goncourt,Atiq Rahimi,masculino
Premio Goncourt,Henri Troyat,masculino
Premio Nobel de Literatura,Kenzaburō Ōe,masculino
Premio Miguel de Cervantes,Elena Poniatowska,femenino
Premio Miguel de Cervantes,Álvaro Mutis,masculino
Premio O. Henry,Woody Allen,masculino
Premio Goncourt,Jérôme Ferrari,masculino
Premio Goncourt,Marcel Arland,masculino
Premio Goncourt,Amin Maalouf,masculino
Premio O. Henry,Truman Capote,masculino
Premio O. Henry,Andrea Barrett,femenino
Premio O. Henry,Martha Gellhorn,femenino
Premio Goncourt,Simone de Beauvoir,femenino
Premio Goncourt,Francis Ambrière,masculino
Premio Goncourt,André Malraux,masculino
Premio O. Henry,Annie Proulx,femenino
Premio Nobel de Literatura,François Mauriac,masculino
Premio Nobel de Literatura,Rabindranath Tagore,masculino
Premio O. Henry,Saul Bellow,masculino
Premio O. Henry,William Faulkner,masculino
Premio Miguel de Cervantes,Carlos Fuentes,masculino
Premio O. Henry,John Updike,masculino
Premio Miguel de Cervantes,Octavio Paz,masculino
Premio Nobel de Literatura,Darío Fo,masculino
Premio Pulitzer,George Gershwin,masculino
Premio Miguel de Cervantes,Camilo José Cela,masculino
Premio Nobel de Literatura,Günter Grass,masculino
Premio Nobel de Literatura,Pearl S. Buck (mi yaya),femenino
Premio O. Henry,Raymond Carver,masculino
Premio Miguel de Cervantes,Ana María Matute,femenino
Premio de Ficción Femenina,Zadie Smith,femenino
Premio Pulitzer,Aaron Copland,masculino
Premio Miguel de Cervantes,Francisco Umbral,masculino
Premio Miguel de Cervantes,Juan Carlos Onetti,masculino
Premio Nobel de Literatura,Gabriela Mistral,femenino
Premio O. Henry,Joyce Carol Oates,femenino
Premio Goncourt,Cynthia Dwork,femenino
Premio Nobel de Literatura,Joseph Brodsky,masculino
Premio Goncourt,Henri Barbusse,masculino
Premio Miguel de Cervantes,Jorge Guillén,masculino
Premio Miguel de Cervantes,Eduardo Mendoza,masculino
Premio Goncourt,Marcel Proust,masculino
Premio Miguel de Cervantes,Mario Vargas Llosa,masculino
Premio Miguel de Cervantes,Cristina Peri Rossi,femenino
Premio Goncourt,Jonathan Littell,masculino
Premio Goncourt,Robert Merle,masculino
Premio Goncourt,Jean Carrière,masculino
Premio Pulitzer,John J. Pershing,masculino
Premio Nobel de Literatura,Sigrid Undset,femenino
Premio Nobel de Literatura,John Galsworthy,masculino
Premio Goncourt,Marie NDiaye,femenino
Premio Nobel de Literatura,Gabriel García Márquez,masculino
Premio Goncourt,Maurice Druon,masculino
Premio Goncourt,Patrick Modiano,masculino
Premio Miguel de Cervantes,Miguel Delibes,masculino
Premio O. Henry,Lorrie Moore,femenino
Premio Miguel de Cervantes,María Zambrano,femenino
Premio O. Henry,Wallace Stegner,masculino
Premio Miguel de Cervantes,Alejo Carpentier,masculino
Premio Goncourt,Andreï Makine,masculino
Premio Goncourt,Pascal Quignard,masculino
Premio Goncourt,André Schwarz-Bart,masculino
Premio Goncourt,Marguerite Duras,femenino
Premio Goncourt,Georges Duhamel,masculino
Premio Miguel de Cervantes,Rafael Alberti,masculino
Premio Nobel de Literatura,Luigi Pirandello,masculino
Premio Goncourt,Romain Gary,masculino
Premio Goncourt,Michel Tournier,masculino
Premio de Ficción Femenina,Chimamanda Ngozi Adichie,femenino
Premio O. Henry,Chimamanda Ngozi Adichie,femenino
Premio Miguel de Cervantes,Adolfo Bioy Casares,masculino
Premio Miguel de Cervantes,Guillermo Cabrera Infante,masculino
Premio Miguel de Cervantes,Francisco Ayala,masculino
Premio O. Henry,A. S. Byatt,femenino
Premio O. Henry,Alice Walker,femenino
Premio Nobel de Literatura,Salvatore Quasimodo,masculino
Premio Goncourt,Jean Echenoz,masculino
Premio Goncourt,Jean-Jacques Gautier,masculino
Premio Goncourt,Alphonse de Châteaubriant,masculino
Premio Miguel de Cervantes,Dulce María Loynaz,femenino
Premio Nobel de Literatura,Naguib Mahfuz,masculino
Premio Goncourt,Michel Houellebecq,masculino
Premio Goncourt,Vintilă Horia,masculino
Premio Goncourt,Érik Orsenna,masculino
Premio Miguel de Cervantes,Dámaso Alonso,masculino
Premio Nobel de Literatura,Grazia Deledda,femenino
Premio O. Henry,Eudora Welty,femenino
Premio Goncourt,Tahar Ben Jelloun,masculino
Premio Goncourt,Mathias Enard,masculino
Premio O. Henry,Irwin Shaw,masculino
Premio O. Henry,John Cheever,masculino
Premio Miguel de Cervantes,Gerardo Diego,masculino
Premio Pulitzer,Maxwell Anderson,masculino
Premio Goncourt,Béatrix Beck,femenino
Premio Goncourt,Gilles Leroy,masculino
Premio Goncourt,Armand Lanoux,masculino
Premio Goncourt,Lucien Fabre,masculino
Premio Pulitzer,Walter Lippmann,masculino
Premio Pulitzer,Carl Bernstein,masculino
Premio Nobel de Literatura,Saul Bellow,masculino
Premio Nobel de Literatura,Winston Churchill,masculino
Premio Miguel de Cervantes,Jorge Edwards,masculino
Premio Miguel de Cervantes,Ernesto Sabato,masculino
Premio O. Henry,Ruth Prawer Jhabvala,femenino
Premio O. Henry,Katherine Anne Porter,femenino
Premio de Ficción Femenina,Susanna Clarke,femenino
Premio O. Henry,Flannery O'Connor,femenino
Premio O. Henry,Bernard Malamud,masculino
Premio Goncourt,Dominique Fernandez,masculino
Premio Miguel de Cervantes,Juan Goytisolo,masculino
Premio Miguel de Cervantes,Nicanor Parra,masculino
Premio Goncourt,Anna Langfus,femenino
Premio Goncourt,Edmonde Charles-Roux,femenino
Premio Nobel de Literatura,Ernest Hemingway,masculino
Premio Nobel de Literatura,Pär Lagerkvist,masculino
Premio Nobel de Literatura,Eugenio Montale,masculino
Premio Goncourt,Patrick Rambaud,masculino
Premio Goncourt,Bernard Clavel,masculino
Premio Goncourt,René Maran,masculino
Premio Goncourt,Jean-Christophe Rufin,masculino
Premio Goncourt,Jacques-Pierre Amette,masculino
Premio Goncourt,Didier Van Cauwelaert,masculino
Premio Miguel de Cervantes,Juan Marsé,masculino
Premio Miguel de Cervantes,Gonzalo Torrente Ballester,masculino
Premio Miguel de Cervantes,Augusto Roa Bastos,masculino
Premio Pulitzer,Wesley Morris,masculino
Premio O. Henry,Alice Munro,femenino
Premio Nobel de Literatura,Eugene O'Neill,masculino
Premio Nobel de Literatura,Jean-Paul Sartre,masculino
Premio Goncourt,André Pieyre de Mandiargues,masculino
Premio Goncourt,Patrick Chamoiseau,masculino
Premio O. Henry,John Irving,masculino
Premio O. Henry,Michael Chabon,masculino
Premio Nobel de Literatura,Mo Yan,masculino
Premio Goncourt,Alexis Jenni,masculino
Premio Goncourt,Henri Béraud,masculino
Premio Goncourt,Maxence Van der Meersch,masculino
Premio Goncourt,François Weyergans,masculino
Premio Miguel de Cervantes,Antonio Buero Vallejo,masculino
Premio Pulitzer,Conrad Aiken,masculino
Premio Miguel de Cervantes,Gonzalo Rojas,masculino
Premio Nobel de Literatura,Jacinto Benavente,masculino
Premio Goncourt,Paule Constant,femenino
Premio Goncourt,Frédérick Tristan,masculino
Premio Goncourt,Didier Decoin,masculino
Premio Goncourt,Pierre Combescot,masculino
Premio Goncourt,Laurent Gaudé,masculino
Premio Goncourt,Jean-Jacques Schuhl,masculino
Premio de Ficción Femenina,Rose Tremain,femenino
Premio O. Henry,Jane Smiley,femenino
Premio O. Henry,Louise Erdrich,femenino
Premio O. Henry,Patricia Highsmith,femenino
Premio O. Henry,Joyce Johnson,femenino
Premio O. Henry,Jean Stafford,femenino
Premio Goncourt,Roger Vailland,masculino
Premio Goncourt,Félicien Marceau,masculino
Premio Goncourt,Jean-Paul Dubois,masculino
Premio Goncourt,Henri Pourrat,masculino
Premio Nobel de Literatura,George Bernard Shaw,masculino
Premio Nobel de Literatura,Theodor Mommsen,masculino
Premio Nobel de Literatura,Seamus Heaney,masculino
Premio de Ficción Femenina,Ann Patchett,femenino
Premio O. Henry,Mary Gordon,femenino
Premio Goncourt,Antonine Maillet,femenino
Premio Goncourt,Ernest Pérochon,masculino
Premio Goncourt,Georges Conchon,masculino
Premio Nobel de Literatura,Sinclair Lewis,masculino
Premio Goncourt,Jean Fayard,masculino
Premio Goncourt,André Savignon,masculino
Premio O. Henry,Dorothy Parker,femenino
Premio O. Henry,Tillie Olsen,femenino
Premio Miguel de Cervantes,Sergio Pitol,masculino
Premio Pulitzer,Ira Glass,masculino
Premio Pulitzer,Héctor Rondón Lovera,masculino
Premio Pulitzer,Adam Johnson,masculino
Premio Pulitzer,Alex Jones,masculino
Premio Miguel de Cervantes,Fernando del Paso Morante,masculino
Premio Miguel de Cervantes,José Emilio Pacheco,masculino
Premio O. Henry,Denis Johnson,masculino
Premio O. Henry,Junot Díaz,masculino
Premio de Ficción Femenina,Helen Dunmore,femenino
Premio O. Henry,Mark Haddon,masculino
Premio O. Henry,Thomas J. Mabry,masculino
Premio Nadal,Francisco Umbral,masculino
Premio Nobel de Literatura,Hermann Hesse,masculino
Premio Nobel de Literatura,Gao Xingjian,masculino
Premio Nobel de Literatura,Bertrand Russell,masculino
Premio Miguel de Cervantes,Rafael Sánchez Ferlosio,masculino
Premio Miguel de Cervantes,Juan Gelman,masculino
Premio Miguel de Cervantes,Luis Rosales,masculino
Premio Goncourt,Maurice Bedel,masculino
Premio Goncourt,Yves Navarre,masculino
Premio Goncourt,Jean-Louis Curtis,masculino
Premio Pulitzer,Carlotta Gall,femenino
Premio Goncourt,Claude Farrère,masculino
Premio O. Henry,Marjorie Kinnan Rawlings,femenino
Premio de Ficción Femenina,Anne Michaels,femenino
Premio Goncourt,Michel Host,masculino
Premio Goncourt,Jacques Borel,masculino
Premio Goncourt,Marius Grout,masculino
Premio Goncourt,Pascal Lainé,masculino
Premio Nobel de Literatura,Albert Camus,masculino
Premio O. Henry,Cynthia Ozick,femenino
Premio O. Henry,Yiyun Li,femenino
Premio Goncourt,Louis Pergaud,masculino
Premio Goncourt,Jean Tharaud,masculino
Premio Goncourt,Charles Plisnier,masculino
Premio Nadal,Sebastià Juan Arbó,masculino
Premio Camões,Jorge Amado,masculino
Premio Pulitzer,Melanie Jayne Burford,femenino
Premio Pulitzer,Maggie Michael,femenino
Premio Pulitzer,Hannah McKay,femenino
Premio Nobel de Literatura,Władysław Reymont,masculino
Gran Premio de Novela de la Academia Francesa,Albert Cohen,masculino
Gran Premio de Novela de la Academia Francesa,Michel Déon,masculino
Premio Miguel de Cervantes,Antonio Gamoneda,masculino
Premio Pulitzer,Dave Barry,masculino
Premio Pulitzer,William Ecenbarger,masculino
Premio Pulitzer,Frank W. Buxton,masculino
Premio Pulitzer,Dar Yasin,masculino
Premio Nobel de Literatura,Rudyard Kipling,masculino
Premio Pulitzer,David Shaw,masculino
Premio O. Henry,Terry Southern,masculino
Premio O. Henry,Irvin S. Cobb,masculino
Premio Nobel de Literatura,Pablo Neruda,masculino
Premio Biblioteca Breve,Mario Vargas Llosa,masculino
Premio Pulitzer,Mary Jordan,femenino
Premio Pulitzer,Mei Fong,femenino
Premio Goncourt,Jean Vautrin,masculino
Premio Goncourt,Francis Walder,masculino
Premio Nobel de Literatura,Thomas Mann,masculino
Premio de Ficción Femenina,Lionel Shriver,femenino
Premio O. Henry,John Edgar Wideman,masculino
Premio O. Henry,Graham Joyce,masculino
Premio O. Henry,Sherman Alexie,masculino
Premio Pulitzer,Dexter Filkins,masculino
Premio Pulitzer,Malcolm Johnson,masculino
Premio Pulitzer,Pir Zubair Shah,masculino
Premio Pulitzer,Stephen Schiff,masculino
Premio Nobel de Literatura,Jaroslav Seifert,masculino
Premio Nobel de Literatura,Eyvind Johnson,masculino
Gran Premio de Novela de la Academia Francesa,Antoine de Saint-Exupéry,masculino
Premio Camões,Miguel Torga,masculino
Premio Nadal,Miguel Delibes,masculino
Premio Nobel de Literatura,Claude Simon,masculino
Gran Premio de Novela de la Academia Francesa,Michel Tournier,masculino
Premio Goncourt,Yann Queffélec,masculino
Premio Goncourt,Léon Frapié,masculino
Premio Goncourt,Jacques Laurent,masculino
Premio Goncourt,Jean Rouaud,masculino
Gran Premio de Novela de la Academia Francesa,Amélie Nothomb,femenino
Premio O. Henry,Jhumpa Lahiri,femenino
Gran Premio de Novela de la Academia Francesa,François Mauriac,masculino
Premio Nadal,Ana María Matute,femenino
Premio Camões,Sophia de Mello Breyner,femenino
Premio Nadal,Lucía Etxebarria,femenino
Premio Nobel de Literatura,Derek Walcott,masculino
Premio Nobel de Literatura,Frans Eemil Sillanpää,masculino
Premio O. Henry,James Gould Cozzens,masculino
Premio Pulitzer,Yannis Behrakis,masculino
Premio Pulitzer,Roman Anin,masculino
Premio Pulitzer,John Moore,masculino
Premio Camões,José Saramago,masculino
Premio Nobel de Literatura,Roger Martin du Gard,masculino
Premio Nobel de Literatura,Aleksandr Solzhenitsyn,masculino
Premio Biblioteca Breve,Gioconda Belli,femenino
Gran Premio de Novela de la Academia Francesa,Calixthe Beyala,femenino
Premio Pulitzer,Stephanie Sinclair,femenino
Premio Pulitzer,Jane Spencer,femenino
Gran Premio de Novela de la Academia Francesa,Jonathan Littell,masculino
Gran Premio de Novela de la Academia Francesa,Georges Bernanos,masculino
Premio O. Henry,William Trevor,masculino
Premio Nobel de Literatura,Karl Adolph Gjellerup,masculino
Premio O. Henry,Edward P. Jones,masculino
Premio O. Henry,Peter Matthew Hillsman Taylor,masculino
Premio O. Henry,James Tabor,masculino
Premio O. Henry,Kelly Link,femenino
Premio O. Henry,Shirley Hazzard,femenino
Premio Nobel de Literatura,Camilo José Cela,masculino
Premio Nobel de Literatura,Verner von Heidenstam,masculino
Premio Nobel de Literatura,Patrick White,masculino
Premio Nobel de Literatura,José Echegaray,masculino
Premio de la Paz del Comercio Librero Alemán,Władysław Bartoszewski,masculino
Premio Camões,Mia Couto,masculino
Premio de la Paz del Comercio Librero Alemán,Lev Kópelev,masculino
Premio de la Paz del Comercio Librero Alemán,Liao Yiwu,masculino
Premio Nadal,Juan José Saer,masculino
Premio Nadal,José Asenjo Sedano,masculino
Premio de la Paz del Comercio Librero Alemán,Sebastião Salgado,masculino
Premio Nadal,Álvaro Pombo,masculino
Premio Nadal,Rosa Regàs,femenino
Premio Nobel de Literatura,Johannes Vilhelm Jensen,masculino
Premio Nadal,Carmen Laforet,femenino
Premio Camões,Paulina Chiziane,femenino
Premio Camões,Rachel de Queiroz,femenino
Premio O. Henry,Deborah Eisenberg,femenino
Premio Nobel de Literatura,Saint-John Perse,masculino
Premio Nadal,Ángela Vallvey,femenino
Premio Nadal,Maruja Torres,femenino
Premio Nadal,Carmen Martín Gaite,femenino
Premio Nobel de Literatura,Juan Ramón Jiménez,masculino
Premio Nobel de Literatura,José Saramago,masculino
Premio Camões,Agustina Bessa-Luís,femenino
Premio Nadal,Fernando Arrabal,masculino
Premio de la Paz del Comercio Librero Alemán,György Konrád,masculino
Premio Strega,Giovanni Arpino,masculino
Premio Strega,Giorgio Pressburger,masculino
Premio Nadal,Guillermo Martínez,masculino
Premio Biblioteca Breve,Guillermo Cabrera Infante,masculino
Premio de la Paz del Comercio Librero Alemán,Yaşar Kemal,masculino
Premio Camões,Raduan Nassar,masculino
Premio Pulitzer,Barbara Davidson,femenino
Premio Pulitzer,Esther Htusan,femenino
Premio Pulitzer,Jessica Rinaldi,femenino
Premio Pulitzer,Emily Steel,femenino
Premio Pulitzer,Stephanie McCrummen,femenino
Premio Nadal,Clara Sánchez,femenino
Premio Camões,Lygia Fagundes Telles,femenino
Premio Nobel de Literatura,Harry Martinson,masculino
Premio Nadal,Rafael Sánchez Ferlosio,masculino
Gran Premio de Novela de la Academia Francesa,Patrick Modiano,masculino
Gran Premio de Novela de la Academia Francesa,Émile Henriot,masculino
Premio Camões,Ferreira Gullar,masculino
Premio Nadal,Juan José Millás,masculino
Premio Nobel de Literatura,Erik Axel Karlfeldt,masculino
Premio Nobel de Literatura,Shmuel Yosef Agnón,masculino
Gran Premio de Novela de la Academia Francesa,Pierre Benoît,masculino
Gran Premio de Novela de la Academia Francesa,Bertrand Poirot-Delpech,masculino
Gran Premio de Novela de la Academia Francesa,Pierre-Jean Rémy,masculino
Premio Camões,Chico Buarque,masculino
Premio Camões,António Lobo Antunes,masculino
Premio Pulitzer,Ronald Glenn Callvert,masculino
Premio Pulitzer,Dibya Ranjan Giri,masculino
Premio Nobel de Literatura,Alice Munro,femenino
Premio Pulitzer,Gaylord Shaw,masculino
Premio Pulitzer,John Carreyrou,masculino
Premio Pulitzer,Boris Yurchenko,masculino
Premio Nobel de Literatura,Patrick Modiano,masculino
Premio Camões,Maria Velho da Costa,femenino
Premio Nobel de Literatura,Giorgos Seferis,masculino
Gran Premio de Novela de la Academia Francesa,Alphonse de Châteaubriant,masculino
Gran Premio de Novela de la Academia Francesa,Sorj Chalandon,masculino
Gran Premio de Novela de la Academia Francesa,Pascal Quignard,masculino
Premio Biblioteca Breve,Rosa Regàs,femenino
Premio Camões,Rubem Fonseca,masculino
Premio Nobel de Literatura,Samuel Beckett,masculino
Premio Strega,Ernesto Ferrero,masculino
Premio Camões,Pepetela,masculino
Gran Premio de Novela de la Academia Francesa,Philippe Beaussant,masculino
Gran Premio de Novela de la Academia Francesa,Laurent Binet,masculino
Gran Premio de Novela de la Academia Francesa,Jean d'Ormesson,masculino
Gran Premio de Novela de la Academia Francesa,Joseph Kessel,masculino
Premio Nobel de Literatura,T. S. Eliot,masculino
Premio Camões,Manuel António Pina,masculino
Premio Camões,José Luandino Vieira,masculino
Premio Camões,Eugénio de Andrade,masculino
Premio Camões,José Craveirinha,masculino
Premio Nobel de Literatura,Henrik Pontoppidan,masculino
Premio O. Henry,Kay Boyle,femenino
Premio Camões,Vergílio Ferreira,masculino
Premio Camões,Eduardo Lourenço,masculino
Premio de la Paz del Comercio Librero Alemán,Saul Friedländer,masculino
Gran Premio de Novela de la Academia Francesa,Jean de La Varende,masculino
Gran Premio de Novela de la Academia Francesa,Francis Ponge,masculino
Premio Nobel de Literatura,Herta Müller,femenino
Premio Nadal,Alicia Giménez Bartlett,femenino
Premio O. Henry,Harold Brodkey,masculino
Premio O. Henry,Albert Maltz,masculino
Premio Nobel de Literatura,Vicente Aleixandre,masculino
Premio Nobel de Literatura,Odysséas Elýtis,masculino
Premio Nobel de Literatura,William Butler Yeats,masculino
Premio Nobel de Literatura,Jean-Marie Gustave Le Clézio,masculino
Premio Biblioteca Breve,Juan Marsé,masculino
Premio Nobel de Literatura,Borís Pasternak,masculino
Premio de la Paz del Comercio Librero Alemán,Victor Gollancz,masculino
Premio de la Paz del Comercio Librero Alemán,Willem Visser 't Hooft,masculino
Premio Camões,Germano Almeida,masculino
Gran Premio de Novela de la Academia Francesa,Anne Wiazemsky,femenino
Gran Premio de Novela de la Academia Francesa,Jean Raspail,masculino
Gran Premio de Novela de la Academia Francesa,Hédi Kaddour,masculino
Gran Premio de Novela de la Academia Francesa,Alphonse Boudard,masculino
Gran Premio de Novela de la Academia Francesa,Jean Orieux,masculino
Premio Nobel de Literatura,Carl Spitteler,masculino
Premio de Ficción Femenina,Maggie O'Farrell,femenino
Premio de Ficción Femenina,Kamila Shamsie,femenino
Premio de Ficción Femenina,Lola Shoneyin,femenino
Premio Nobel de Literatura,William Faulkner,masculino
Premio Nobel de Literatura,Knut Hamsun,masculino
Premio Strega,Maria Bellonci,femenino
Premio O. Henry,Suketu Mehta,masculino
Premio Strega,Raffaele La Capria,masculino
Premio Strega,Carlo Sgorlon,masculino
Premio de la Paz del Comercio Librero Alemán,Carolin Emcke,femenino
Gran Premio de Novela de la Academia Francesa,Paule Constant,femenino
Premio O. Henry,Walter Duranty,masculino
Premio O. Henry,W. R. Burnett,masculino
Premio O. Henry,Stephen Vincent Benét,masculino
Premio Nobel de Literatura,John Steinbeck,masculino
Premio Nobel de Literatura,Orhan Pamuk,masculino
Gran Premio de Novela de la Academia Francesa,Patrick Rambaud,masculino
Gran Premio de Novela de la Academia Francesa,Francis Carco,masculino
Gran Premio de Novela de la Academia Francesa,Jacques de Lacretelle,masculino
Gran Premio de Novela de la Academia Francesa,Henri Pourrat,masculino
Gran Premio de Novela de la Academia Francesa,Boualem Sansal,masculino
Premio Nobel de Literatura,Tomas Tranströmer,masculino
Premio Nobel de Literatura,Wole Soyinka,masculino
Premio Strega,Vincenzo Cardarelli,masculino
Premio Nadal,Manuel Mejía Vallejo,masculino
Premio Strega,Alessandro Barbero,masculino
Premio Biblioteca Breve,Juan Manuel de Prada,masculino
Gran Premio de Novela de la Academia Francesa,Henri Queffélec,masculino
Gran Premio de Novela de la Academia Francesa,Frédéric Vitoux,masculino
Premio Strega,Stanislao Nievo,masculino
Premio Strega,Goffredo Parise,masculino
Premio Camões,António Cândido,masculino
Premio O. Henry,Gordon Lish,masculino
Premio O. Henry,Elizabeth McCracken,femenino
Premio O. Henry,Elizabeth Stuckey-French,femenino
Premio O. Henry,Daniyal Mueenuddin,masculino
Premio O. Henry,Eddie Chuculate,masculino
Premio O. Henry,Edison Marshall,masculino
Premio Strega,Guido Piovene,masculino
Premio Nobel de Literatura,Abdulrazak Gurnah,masculino
Premio Strega,Anna Maria Ortese,femenino
Premio O. Henry,Renata Adler,femenino
Premio Camões,Manuel Alegre,masculino
Premio Strega,Massimo Bontempelli,masculino
Premio de la Paz del Comercio Librero Alemán,Boualem Sansal,masculino
Premio Nobel de Literatura,Mario Vargas Llosa,masculino
Premio de Ficción Femenina,Kate Grenville,femenino
Premio Nobel de Literatura,Olga Tokarczuk,femenino
Gran Premio de Novela de la Academia Francesa,Pierre Moinot,masculino
Premio Nobel de Literatura,Doris Lessing,femenino
Gran Premio de Novela de la Academia Francesa,Pierre Schoendoerffer,masculino
Premio O. Henry,Alison Baker,femenino
Premio O. Henry,Anjana Appachana,femenino
Premio O. Henry,Anne Leaton,femenino
Premio O. Henry,Cornelia Nixon,femenino
Premio Nobel de Literatura,Gerhart Hauptmann,masculino
Premio Nobel de Literatura,Harold Pinter,masculino
Premio O. Henry,Alexi Zentner,masculino
Premio O. Henry,Amit Majmudar,masculino
Premio O. Henry,Elizabeth Tallent,femenino
Premio O. Henry,Ella Leffland,femenino
Premio O. Henry,Inez Haynes Irwin,femenino
Premio de Ficción Femenina,Tayari Jones,femenino
Premio Camões,Autran Dourado,masculino
Premio Camões,João Ubaldo Ribeiro,masculino
Premio Camões,João Cabral de Melo Neto,masculino
Premio Strega,Giuseppe Pontiggia,masculino
Premio O. Henry,Kevin Brockmeier,masculino
Premio O. Henry,Walter Van Tilburg Clark,masculino
Premio O. Henry,Frederic Tuten,masculino
Gran Premio de Novela de la Academia Francesa,Guy de Pourtalès,masculino
Premio Biblioteca Breve,Luis Goytisolo,masculino
Gran Premio de Novela de la Academia Francesa,Eric Faye,masculino
Gran Premio de Novela de la Academia Francesa,Vladimir Volkoff,masculino
Premio O. Henry,Gordon Weaver,masculino
Premio O. Henry,Harris Downey,masculino
Gran Premio de Novela de la Academia Francesa,Adélaïde de Clermont-Tonnerre,femenino
Gran Premio de Novela de la Academia Francesa,André Corthis,femenino
Premio Nobel de Literatura,Mijaíl Shólojov,masculino
Gran Premio de Novela de la Academia Francesa,André Demaison,masculino
Gran Premio de Novela de la Academia Francesa,Bernard Barbey,masculino
Gran Premio de Novela de la Academia Francesa,Bernard du Boucheron,masculino
Gran Premio de Novela de la Academia Francesa,Camille Bourniquel,masculino
Premio Nobel de Literatura,Selma Lagerlöf,femenino
Premio Nacional del Libro de Ficción,Colum McCann,masculino
Premio Nacional del Libro de Ficción,Charles Frazier,masculino
Premio Nobel de Literatura,Louise Glück,femenino
Gran Premio de Novela de la Academia Francesa,Franz-Olivier Giesbert,masculino
Gran Premio de Novela de la Academia Francesa,François Nourissier,masculino
Premio Loewe,Óscar Hahn,masculino
Premio Herralde,Roberto Bolaño,masculino
Gran Premio de Novela de la Academia Francesa,Kléber Haedens,masculino
Gran Premio de Novela de la Academia Francesa,Albert Touchard,masculino
Premio Nobel de Literatura,Kazuo Ishiguro,masculino
Gran Premio de Novela de la Academia Francesa,Alain Bosquet,masculino
Gran Premio de Novela de la Academia Francesa,Philippe Hériat,masculino
Premio Nobel de Literatura,Heinrich Böll,masculino
Premio Strega,Enzo Siciliano,masculino
Premio Strega,Mario Tobino,masculino
Premio Herralde,Martín Caparrós,masculino
Premio Loewe,Luis García Montero,masculino
Premio Nobel de Literatura,Anatole France,masculino
Premio Strega,Pietro Citati,masculino
Premio Strega,Raffaele Brignetti,masculino
Premio Strega,Helena Janeczek,femenino
Premio Ojo Crítico,Juan Manuel de Prada,masculino
Premio Herralde,Juan Villoro,masculino
Premio Herralde,Juan Pablo Villalobos,masculino
Premio Nobel de Literatura,Wisława Szymborska.,femenino
Gran Premio de Novela de la Academia Francesa,Patrick Besson,masculino
Premio Biblioteca Breve,José Manuel Caballero Bonald,masculino
Premio Nobel de Literatura,Frédéric Mistral,masculino
Premio Nobel de Literatura,Henryk Sienkiewicz,masculino
Premio Strega,Vittorio Gorresio,masculino
Premio Strega,Walter Siti,masculino
Premio Adonáis de Poesía,Luis García Montero,masculino
Premio Nobel de Literatura,Peter Handke,masculino
Premio Nacional del Libro de Ficción,William Maxwell,masculino
Premio Adonáis de Poesía,Miguel Ángel Velasco,masculino
Premio Nacional del Libro de Ficción,Robert Stone,masculino
Gran Premio de Novela de la Academia Francesa,Jacques Chardonne,masculino
Gran Premio de Novela de la Academia Francesa,Michel Mohrt,masculino
Gran Premio de Novela de la Academia Francesa,Pierre Michon,masculino
Premio Nacional del Libro de Ficción,Charles R. Johnson,masculino
Premio Nacional del Libro de Ficción,Norman Rush,masculino
Premio Nobel de Literatura,Yasunari Kawabata,masculino
Premio Strega,Mario Pomilio,masculino
Premio Strega,Sebastiano Vassalli,masculino
Premio Strega,Sandro Veronesi,masculino
Premio Nobel de Literatura,Henri Bergson,masculino
Premio Nobel de Literatura,Svetlana Aleksiévich,femenino
Premio Nobel de Literatura,Sully Prudhomme,masculino
Premio Nobel de Literatura,Czesław Miłosz,masculino
Premio Nacional del Libro de Ficción,Shirley Hazzard,femenino
Premio Lazarillo,Joan Manuel Gisbert,masculino
Premio Herralde,Antonio Soler,masculino
Premio Ojo Crítico,Irina Yuryevna Kuberskaya,femenino
Premio Ojo Crítico,Ana Isabel Conejo,femenino
Gran Premio de Novela de la Academia Francesa,Christophe Ono-dit-Biot,masculino
Gran Premio de Novela de la Academia Francesa,Daniel Rondeau,masculino
Gran Premio de Novela de la Academia Francesa,Jean Hougron,masculino
Gran Premio de Novela de la Academia Francesa,Jean Husson,masculino
Gran Premio de Novela de la Academia Francesa,Joseph-Henri Louwyck,masculino
Gran Premio de Novela de la Academia Francesa,Jean Balde,femenino
Premio Strega,Tiziano Scarpa,masculino
Premio Strega,Alberto Bevilacqua,masculino
Premio Nacional del Libro de Ficción,Jaimy Gordon,femenino
Premio Nobel de Literatura,V. S. Naipaul,masculino
Premio Nobel de Literatura,John Coetzee,masculino
Premio Nacional del Libro de Ficción,Alice McDermott,femenino
Premio Nacional del Libro de Ficción,Lily Tuck,femenino
Premio Strega,Paolo Volponi,masculino
Premio Nadal,Francisco Casavella,masculino
Premio Strega,Gesualdo Bufalino,masculino
Premio Herralde,Guadalupe Nettel,femenino
Premio Ojo Crítico,Alejandro Cuevas,masculino
Premio Loewe,Lorenzo Oliván,masculino
Premio Herralde,Félix de Azúa,masculino
Premio Herralde,Pedro Zarraluki,masculino
Premio de Ficción Femenina,Eimear McBride,femenino
Premio de Ficción Femenina,Lisa McInerney,femenino
Premio Nobel de Literatura,Giosuè Carducci,masculino
Premio Lazarillo,Carles Cano Peiró,masculino
Premio Nobel de Literatura,Octavio Paz,masculino
Premio Adonáis de Poesía,José Agustín Goytisolo,masculino
Premio Adonáis de Poesía,Roberto guevara sosa,masculino
Premio Adonáis de Poesía,Pablo Armando Fernández,masculino
Premio Nadal,Alfredo Conde,masculino
Premio Nadal,Rafael Argullol,masculino
Premio Camões,Dalton Trevisan,masculino
Premio Ojo Crítico,Luis Bagué Quílez,masculino
Premio Herralde,Luisgé Martín,masculino
Premio Biblioteca Breve,Juana Salabert,femenino
Premio Biblioteca Breve,Nivaria Tejera,femenino
Premio Lazarillo,Beatriz Doumerc,femenino
Gran Premio de Novela de la Academia Francesa,Camille Mayran,femenino
Premio Lazarillo,Eliacer Cansino,masculino
Gran Premio de Novela de la Academia Francesa,Frédérique Hébrard,femenino
Gran Premio de Novela de la Academia Francesa,Geneviève Dormann,femenino
Gran Premio de Novela de la Academia Francesa,Henriette Jelinek,femenino
Premio Lazarillo,Asun Balzola,femenino
Gran Premio de Novela de la Academia Francesa,Jacques de Bourbon Busset,masculino
Gran Premio de Novela de la Academia Francesa,Vassilis Alexakis,masculino
Gran Premio de Novela de la Academia Francesa,Michel Droit,masculino
Premio Strega,Fausta Cialente,femenino
Premio Strega,Mariateresa Di Lascia,femenino
Gran Premio de Novela de la Academia Francesa,Camille Pascal,masculino
Gran Premio de Novela de la Academia Francesa,Charles Géniaux,masculino
Gran Premio de Novela de la Academia Francesa,Christian Murciaux,masculino
Gran Premio de Novela de la Academia Francesa,Joseph Jolinon,masculino
Premio Biblioteca Breve,Adriano González León,masculino
Premio Biblioteca Breve,Fernando Aramburu,masculino
Premio Strega,Giorgio Montefoschi,masculino
Premio Nacional del Libro de Ficción,Tim O'Brien,masculino
Premio Nacional del Libro de Ficción,J. F. Powers,masculino
Premio Nadal,Fernando Marías Amondo,masculino
Premio Strega,Michele Prisco,masculino
Premio Nobel de Literatura,Iván Bunin,masculino
Premio Nobel de Literatura,William Golding,masculino
Gran Premio de Novela de la Academia Francesa,Paul Guth,masculino
Gran Premio de Novela de la Academia Francesa,Gabriel d'Aubarède,masculino
Premio Nobel de Literatura,Elfriede Jelinek,femenino
Premio Herralde,Andrés Barba,masculino
Premio Loewe,Antonio Gracia Caselles,masculino
Premio Nobel de Literatura,Miguel Ángel Asturias,masculino
Premio Biblioteca Breve,Juan Bonilla,masculino
Premio Biblioteca Breve,Clara Usón,femenino
Gran Premio de Novela de la Academia Francesa,François-Olivier Rousseau,masculino
Gran Premio de Novela de la Academia Francesa,François Duhourcau,masculino
Gran Premio de Novela de la Academia Francesa,François Sureau,masculino
Gran Premio de Novela de la Academia Francesa,François Taillandier,masculino
Premio Nacional del Libro de Ficción,Jesmyn Ward,femenino
Premio Nobel de Literatura,Ivo Andrić,masculino
Premio Nacional del Libro de Ficción,Peter Matthiessen,masculino
Premio Nacional del Libro de Ficción,Wright Morris,masculino
Premio Adonáis de Poesía,José García Nieto,masculino
Gran Premio de Novela de la Academia Francesa,Henri Coulonges,masculino
Gran Premio de Novela de la Academia Francesa,Henry Castillou,masculino
Gran Premio de Novela de la Academia Francesa,Jacques-Francis Rolland,masculino
Gran Premio de Novela de la Academia Francesa,Jean-Noël Pancrazi,masculino
Premio Nacional del Libro de Ficción,Conrad Richter,masculino
Premio Adonáis de Poesía,José Hierro,masculino
Premio Strega,Domenico Rea,masculino
Premio Strega,Emanuele Trevi,masculino
Premio Strega,Francesco Piccolo,masculino
Premio Strega,Nicola Lagioia,masculino
Premio Loewe,Rafael Courtoisie,masculino
Premio Ojo Crítico,Rafael Espejo,masculino
Premio Ojo Crítico,Rubén Martín Díaz,masculino
Premio Strega,Cesare Pavese,masculino
Premio Strega,Umberto Eco,masculino
Premio Lazarillo,Pilar Lozano Carbayo,femenino
Premio Herralde,Mariana Enríquez,femenino
Premio Herralde,Marta Sanz,femenino
Premio Ojo Crítico,Marta Sanz,femenino
Premio Nacional del Libro de Ficción,Adam Johnson,masculino
Premio Adonáis de Poesía,Vicente Gaos,masculino
Premio Adonáis de Poesía,Carlos Murciano,masculino
Premio Adonáis de Poesía,Diego Doncel,masculino
Premio Herralde,Paloma Díaz-Mas,femenino
Premio Adonáis de Poesía,José Ángel Valente,masculino
Premio Adonáis de Poesía,Félix Grande,masculino
Premio Ojo Crítico,Carlos Pardo,masculino
Premio Loewe,Guillermo Carnero,masculino
Premio Ojo Crítico,Vanesa Pérez-Sauquillo,femenino
Premio Adonáis de Poesía,Rafael Soto Vergés,masculino
Premio Adonáis de Poesía,Pureza Canelo,femenino
Premio Biblioteca Breve,Elvira Sastre,femenino
Premio Biblioteca Breve,Raquel Taranilla,femenino
Premio Adonáis de Poesía,María Elvira Lacaci,femenino
Premio Herralde,Javier Pérez Andújar,masculino
Premio Loewe,Javier Vela,masculino
Premio Ojo Crítico,José Luis Piquero,masculino
Premio Adonáis de Poesía,Joaquín Caro Romero,masculino
Premio Adonáis de Poesía,Lorenzo Gomis,masculino
Premio Adonáis de Poesía,Javier de Bengoechea,masculino
Premio Herralde,Álvaro Pombo,masculino
Premio Adonáis de Poesía,Javier Vela,masculino
Premio Adonáis de Poesía,Jesús Bernal,masculino
Premio Lazarillo,Carmen Vázquez-Vigo,femenino
Premio Lazarillo,Concha López Narváez,femenino
Premio Adonáis de Poesía,Manuel Padorno,masculino
Premio Adonáis de Poesía,Basilio Sánchez,masculino
Premio Adonáis de Poesía,Diego Jesús Jiménez,masculino
Premio Adonáis de Poesía,Eloy Sánchez Rosillo,masculino
Premio Nobel de Literatura,Romain Rolland,masculino
Premio Herralde,Miguel Sánchez-Ostiz,masculino
Premio Lazarillo,Pablo Amargo,masculino
Premio Nobel de Literatura,Bjørnstjerne Bjørnson,masculino
Premio Adonáis de Poesía,Alfonso Moreno,masculino
Premio Nobel de Literatura,Maurice Maeterlinck,masculino
Premio Loewe,Álvaro García,masculino
Premio Ojo Crítico,Luis Artigue,masculino
Premio Adonáis de Poesía,Jesús Hilario Tundidor,masculino
Premio Adonáis de Poesía,Joaquín Benito de Lucas,masculino
Premio Adonáis de Poesía,Joaquín Pérez Azaústre,masculino
Premio Nobel de Literatura,Nadine Gordimer,femenino
Premio Adonáis de Poesía,Irene Sánchez Carrón,femenino
Premio Adonáis de Poesía,Alba Flores Robla,femenino
Premio Adonáis de Poesía,María Elena Higueruelo,femenino
Premio Adonáis de Poesía,María Luisa Mora Alameda,femenino
Premio Adonáis de Poesía,Juan Carlos Mestre,masculino
Premio Adonáis de Poesía,Eduardo Moga,masculino
Premio Adonáis de Poesía,Martha Asunción Alonso,femenino
Premio Adonáis de Poesía,Luis Feria,masculino
Premio Adonáis de Poesía,Mariano Roldán,masculino
Premio Ojo Crítico,Laura Lío,femenino
Premio Lazarillo,María Solar,femenino
Premio Lazarillo,Alaine Agirre,femenino
Premio Herralde,Cristina Morales,femenino
Premio Nobel de Literatura,André Gide,masculino
Premio Loewe,Ben Clark,masculino
Premio Ojo Crítico,Ben Clark,masculino
Premio Adonáis de Poesía,Beatriz Hernanz,femenino
Premio Adonáis de Poesía,Carlos Vaquerizo,masculino
Premio Adonáis de Poesía,Jorge Galán,masculino
Premio Adonáis de Poesía,José Antonio Gómez-Coronado,masculino
Premio Adonáis de Poesía,José Antonio Moreno Jurado,masculino
Premio Adonáis de Poesía,José Gutiérrez Román,masculino
Premio Adonáis de Poesía,José Infante,masculino
Premio Hans Christian Andersen,James Krüss,masculino
Premio Adonáis de Poesía,Ricardo Molina Tenor,masculino
Premio Adonáis de Poesía,Rubén Martín Díaz,masculino
Premio Booker,Pat Barker,femenino
Premio Hans Christian Andersen,Cecil Bødker,femenino
Premio Lazarillo,Fernando Martínez Gil,masculino
Premio Lazarillo,Paco Climent,masculino
Premio Ojo Crítico,Fernando del Val,masculino
Premio Booker,William Golding,masculino
Premio Adonáis de Poesía,Julia Castillo,femenino
Premio Adonáis de Poesía,Julia Uceda,femenino
Premio Strega,Giovanni Comisso,masculino
Premio Hans Christian Andersen,Astrid Lindgren,femenino
Premio Adonáis de Poesía,Teresa Soto González,femenino
Premio Booker,Margaret Atwood,femenino
Premio Alfaguara de Novela,Juan Rulfo,masculino
Premio Strega,Mario Soldati,masculino
Premio Nobel de Literatura,Isaac Bashevis Singer,masculino
Premio Hans Christian Andersen,René Guillot,masculino
Premio Hans Christian Andersen,Klaus Ensikat,masculino
Premio Adonáis de Poesía,Sergio Navarro Ramírez,masculino
Premio literario Nike,Czesław Miłosz,masculino
Premio Adonáis de Poesía,Ángel García López,masculino
Premio Nacional del Libro de Ficción,James McBride,masculino
Premio Booker,Arundhati Roy,femenino
Premio Booker,Salman Rushdie,masculino
Premio Adonáis de Poesía,José Luis Alegre Cudós,masculino
Premio Adonáis de Poesía,José Martínez Ros,masculino
Premio Booker,V. S. Naipaul,masculino
Premio Booker,Yann Martel,masculino
Premio Booker,John Coetzee,masculino
Premio Strega,Primo Levi,masculino
Premio Lazarillo,Margarita del Mazo,femenino
Premio Ojo Crítico,Carlota Ferrer,femenino
Premio Lazarillo,Judit Morales i Villanueva,femenino
Premio Ojo Crítico,Aroa Moreno Durán,femenino
Premio Hiperión,Begoña M. Rueda,femenino
Premio Adonáis de Poesía,Javier Peñas Navarro,masculino
Premio Nacional del Libro de Ficción,Phil Klay,masculino
Premio Adonáis de Poesía,Adrián González da Costa,masculino
Premio Nobel de Literatura,Nelly Sachs,femenino
Premio Nobel de Literatura,Rudolf Christoph Eucken,masculino
Premio Loewe,Juan Vicente Piqueras,masculino
Premio Herralde,Justo Navarro,masculino
Premio Nobel de Literatura,Toni Morrison,femenino
Premio Nobel de Literatura,Imre Kertész,masculino
Premio Hiperión,Ángelo Néstore,masculino
Premio Lazarillo,José Javier Aleixandre Ybargüen,masculino
Premio Lazarillo,Lluís Domènech Alberdi,masculino
Premio O. Henry,Lynn Freed,femenino
Premio O. Henry,Mary Swan,femenino
Premio O. Henry,Michelle Huneven,femenino
Premio O. Henry,Stuart Dybek,masculino
Premio Adonáis de Poesía,Rosario Neira,femenino
Premio Adonáis de Poesía,Joaquín Moreno Pedrosa,femenino
Premio O. Henry,Susan Kenney,femenino
Premio Adonáis de Poesía,Eugenio García de Nora,masculino
Premio Adonáis de Poesía,Francisco Serradilla,masculino
Premio O. Henry,Thom Jones,masculino
Premio O. Henry,Wilbur Daniel Steele,masculino
Premio Adonáis de Poesía,Carlos Sahagún,masculino
Premio Booker,Nadine Gordimer,femenino
Premio Strega,Giuseppe Tomasi di Lampedusa,masculino
Premio Hans Christian Andersen,Tormod Haugen,masculino
Premio Hans Christian Andersen,Michio Mado,masculino
Premio Hans Christian Andersen,Paula Fox,femenino
Premio O. Henry,James Lasdun,masculino
Premio O. Henry,Jim Shepard,masculino
Premio O. Henry,John Batki,masculino
Premio Hans Christian Andersen,José María Sánchez-Silva y García-Morales,masculino
Premio Hans Christian Andersen,Meindert DeJong,masculino
Premio Hans Christian Andersen,Erich Kästner,masculino
Premio Adonáis de Poesía,Blanca Andreu,femenino
Premio Hans Christian Andersen,Scott O'Dell,masculino
Premio Adonáis de Poesía,Ana Merino,femenino
Premio Strega,Alberto Moravia,masculino
Premio Hans Christian Andersen,Gianni Rodari,masculino
Premio Booker,Anne Enright,femenino
Premio Booker,Ian McEwan,masculino
Premio Hans Christian Andersen,María Gripe,femenino
Premio Hans Christian Andersen,Katherine Paterson,femenino
Premio Lazarillo,José Antonio Ramírez Lozano,masculino
Premio Lazarillo,Diego Arboleda,masculino
Premio Alfaguara de Novela,Guillermo Arriaga Jordán,masculino
Premio Alfaguara de Novela,Hernán Rivera Letelier,masculino
Premio Adonáis de Poesía,Arcadio López Casanova,masculino
Premio Adonáis de Poesía,Claudio Rodríguez,masculino
Premio Adonáis de Poesía,Francisco Brines,masculino
Premio O. Henry,Maxwell Struthers Burt,masculino
Premio O. Henry,Peter Baida,masculino
Premio O. Henry,Roark Bradford,masculino
Premio O. Henry,Leo E. Litwak,masculino
Premio O. Henry,Louis Paul,masculino
Premio Nadal,Elena Quiroga,femenino
Premio Booker,Roddy Doyle,masculino
Premio Strega,Natalia Ginzburg,femenino
Premio Strega,Dacia Maraini,femenino
Premio Hans Christian Andersen,Tove Jansson,femenino
Premio Strega,Ennio Flaiano,masculino
Premio Camões,Alberto da Costa e Silva,masculino
Premio Alfaguara de Novela,Andrés Neuman,masculino
Premio Nadal,Antonio Soler,masculino
Premio Hans Christian Andersen,Lygia Bojunga Nunes,femenino
Premio Hans Christian Andersen,Patricia Wrightson,femenino
Premio Alfaguara de Novela,Carla Guelfenbein,femenino
Premio Nadal,Pau Faner,masculino
Premio Nadal,Lorenzo Silva,masculino
Premio Alfaguara de Novela,Juan Gabriel Vásquez,masculino
Premio Alfaguara de Novela,Carlos Droguett,masculino
Premio Alfaguara de Novela,Luis Leante,masculino
Premio Nacional del Libro de Ficción,Julia Glass,femenino
Premio O. Henry,Andrew Fetler,masculino
Premio O. Henry,Michel Nieva,masculino
Premio Nobel de Literatura,Paul von Heyse,masculino
Premio Nadal,José María Carrascal,masculino
Premio Alfaguara de Novela,José Ovejero,masculino
Premio Nadal,José Vidal Cadellans,masculino
Premio Nadal,Juan Antonio Payno,masculino
Premio Nacional del Libro de Ficción,John Casey,masculino
Premio Adonáis de Poesía,José Suárez Carreño,masculino
Premio Nacional del Libro de Ficción,Larry Heinemann,masculino
Premio Strega,Predrag Matvejević,masculino
Premio Strega,Alessandro Piperno,masculino
Premio Strega,Antonio Pennacchi,masculino
Premio Hans Christian Andersen,Anna Maria Geertruida Schmidt,femenino
Premio O. Henry,Julian Leonard Street,masculino
Premio Camões,Hélia Correia,femenino
Premio Alfaguara de Novela,Pilar Quintana,femenino
Premio Hans Christian Andersen,Lisbeth Zwerger,femenino
Premio Hans Christian Andersen,Christine Nöstlinger,femenino
Premio O. Henry,Wilbur Schramm,masculino
Premio Strega,Claudio Magris,masculino
Premio O. Henry,Margaret Prescott Montague,femenino
Premio Nadal,Jesús Fernández Santos,masculino
Premio Nadal,Andrés Trapiello,masculino
Premio Strega,Giuseppe Dessì,masculino
Premio Strega,Tommaso Landolfi,masculino
Premio Nadal,Felipe Benítez Reyes,masculino
Premio Nadal,Francisco García Pavón,masculino
Premio Hans Christian Andersen,Margaret Mahy,femenino
Premio Strega,Elsa Morante,femenino
Premio Alfaguara de Novela,Sergio Ramírez,masculino
Premio Alfaguara de Novela,Tomás Eloy Martínez,masculino
Premio Alfaguara de Novela,Santiago Roncagliolo,masculino
Premio Hans Christian Andersen,Jürg Schubiger,masculino
Premio O. Henry,Laura van den Berg,femenino
Premio Alfaguara de Novela,Elena Poniatowska,femenino
Premio Alfaguara de Novela,Laura Restrepo,femenino
Premio Alfaguara de Novela,Clara Sánchez,femenino
Premio Alfaguara de Novela,Ema Wolf,femenino
Premio Nadal,Care Santos,femenino
Premio Nadal,Ana Merino,femenino
Premio Nadal,Najat el Hachmi,femenino
Premio Nadal,Carmen Amoraga,femenino
Premio Nadal,Juan Pedro Aparicio,masculino
Premio Nadal,Juan Ramón Zaragoza,masculino
Premio Nadal,Luis Romero,masculino
Premio Alfaguara de Novela,Patricio Pron,masculino
Premio Nadal,Salvador García Aguilar,masculino
Premio Booker,Kiran Desai,femenino
Premio Booker,A. S. Byatt,femenino
Premio Nadal,José Antonio García Blázquez,masculino
Premio Alfaguara de Novela,Leopoldo Brizuela,masculino
Premio Alfaguara de Novela,Eliseo Alberto,masculino
Premio Camões,Arménio Vieira,masculino
Premio Nadal,Álvaro Cunqueiro,masculino
Premio Strega,Carlo Cassola,masculino
Premio Strega,Edoardo Nesi,masculino
Premio Strega,Ferdinando Camon,masculino
Premio Nadal,Gustavo Martín Garzo,masculino
Premio Nadal,Carlos Rojas Vila,masculino
Premio Nadal,Manuel Vicent,masculino
Premio Alfaguara de Novela,Manuel Vicent,masculino
Premio Alfaguara de Novela,Xavier Velasco,masculino
Premio Nadal,José Suárez Carreño,masculino
Premio Nadal,José Félix Tapia,masculino
Premio literario Nike,Olga Tokarczuk,femenino
Premio Nadal,Dolores Medio,femenino
Premio Miguel de Cervantes,José Hierro,masculino
Premio Miguel de Cervantes,José García Nieto,masculino
Premio Miguel de Cervantes,Sergio Ramírez,masculino
Premio Nadal,Francisco José Alcántara,masculino
Premio Nadal,Germán Sánchez Espeso,masculino
Premio Nadal,Ignacio Carrión,masculino
Premio Nadal,José Luis Martín Descalzo,masculino
Premio Booker,Ruth Prawer Jhabvala,femenino
Premio Booker,Anita Brookner,femenino
Premio Alfaguara de Novela,Graciela Montes,femenino
Premio Nadal,José María Gironella,masculino
Premio Nadal,Pedro Zarraluki,masculino
Premio Strega,Giovanni Battista Angioletti,masculino
Premio Miguel de Cervantes,José Jiménez Lozano,masculino
Premio Alfaguara de Novela,Daniel Sueiro,masculino
Premio Nadal,José María Mendiola,masculino
Premio Strega,Dino Buzzati,masculino
Premio Strega,Niccolò Ammaniti,masculino
Premio Hans Christian Andersen,María Teresa Andruetto,femenino
Premio literario Nike,Mariusz Szczygieł,masculino
Premio literario Nike,Andrzej Stasiuk,masculino
Premio Strega,Fulvio Tomizza,masculino
Premio Nacional del Libro de Ficción,Mary Lee Settle,femenino
Premio Nacional del Libro de Ficción,Susan Choi,femenino
Premio Nadal,Eduardo Caballero Calderón,masculino
Premio Nadal,Eduardo Lago,masculino
Premio Nadal,Pedro Maestre Herrero,masculino
Premio Booker,Kingsley Amis,masculino
Premio Hans Christian Andersen,Farshid Mesghali,masculino
Premio Strega,Corrado Alvaro,masculino
Premio Hans Christian Andersen,Aidan Chambers,masculino
Premio Booker,Peter Carey,masculino
Premio Booker,Michael Ondaatje,masculino
Premio O. Henry,David Wiegand,masculino
Premio Strega,Lalla Romano,femenino
Premio O. Henry,Ottessa Moshfegh,femenino
Premio O. Henry,Lesley Nneka Arimah,femenino
Premio O. Henry,Dina Nayeri,femenino
Premio O. Henry,Fiona McFarlane,femenino
Premio O. Henry,Neela Vaswani,femenino
Premio O. Henry,Karina Sainz Borgo,femenino
Premio Nacional de Narrativa,Gonzalo Torrente Ballester,masculino
Premio Nacional de Narrativa,Rafael Chirbes,masculino
Premio Nacional de Narrativa,Kirmen Uribe,masculino
Premio Strega,Giorgio Bassani,masculino
Premio Strega,Ugo Riccarelli,masculino
Premio Adonáis de Poesía,Laureano Albán,masculino
Premio Adonáis de Poesía,Rogelio Guedea,masculino
Premio Adonáis de Poesía,Miguel Fernández,masculino
Premio Nacional de Literatura Infantil y Juvenil,Ana María Matute,femenino
Premio Nacional de Literatura Infantil y Juvenil,Elvira Lindo,femenino
Premio Goncourt,Pascale Roze,femenino
Premio Alfaguara de Novela,Luis Berenguer,masculino
Premio Alfaguara de Novela,Jesús Torbado Carro,masculino
Premio Alfaguara de Novela,Jorge Franco,masculino
Premio Nacional de Narrativa,Camilo José Cela,masculino
Premio Goncourt,Henri Fauconnier,masculino
Premio Goncourt,Adrien Bertrand,masculino
Premio Miguel de Cervantes,Joan Margarit i Consarnau,masculino
Premio Nacional de Narrativa,Miguel Delibes,masculino
Premio Nacional de Narrativa,Bernardo Atxaga,masculino
Premio Hans Christian Andersen,E. B. White,masculino
Premio Nadal,Ramiro Pinilla,masculino
Premio Nadal,Sergio Vila-Sanjuán,masculino
Premio Nadal,Víctor del Árbol,masculino
Premio Nadal,José C. Vales,masculino
Premio Nadal,Alejandro Palomas,masculino
Premio Nadal,Carlos Cañeque Solá,masculino
Premio Nadal,Vicente Soto Iborra,masculino
Premio Booker,John Berger,masculino
Premio Booker,Graham Swift,masculino
Premio Nacional de Narrativa,Juan Marsé,masculino
Premio Nacional de Narrativa,Carme Riera,femenino
Premio Goncourt,Marc Elder,masculino
Premio Goncourt,Guy Mazeline,masculino
Premio Goncourt,Henri Deberly,masculino
Premio Booker,Hilary Mantel,femenino
Premio Booker,Bernice Rubens,femenino
Premio Alfaguara de Novela,Antonio Orlando Rodríguez,masculino
Premio Alfaguara de Novela,Alfonso Grosso,masculino
Premio Nadal,Alejandro Gándara,masculino
Premio Miguel de Cervantes,Noemí María Girbal-Blacha,femenino
Premio Hans Christian Andersen,Eiko Kadono,femenino
Premio Hans Christian Andersen,Suekichi Akaba,masculino
Premio Strega,Paolo Giordano,masculino
Premio Booker,Ben Okri,masculino
Premio Booker,Alan Hollinghurst,masculino
Premio Nadal,Lluïsa Forrellad,femenino
Premio Booker,Kazuo Ishiguro,masculino
Premio Miguel de Cervantes,Francisco Brines,masculino
Premio Nacional de Narrativa,Alonso Zamora Vicente,masculino
Premio Goncourt,Jérôme Tharaud,masculino
Premio Goncourt,Marc Bernard,masculino
Premio Goncourt,Maurice Constantin-Weyer,masculino
Premio Goncourt,Lydie Salvayre,femenino
Premio Strega,Maurizio Maggiani,masculino
Premio Goncourt,Émile Moselly,masculino
Premio Goncourt,Pierre Gascar,masculino
Premio Goncourt,Jean Cau,masculino
Premio Goncourt,John Antoine Nau,masculino
Premio Goncourt,Jean-Louis Bory,masculino
Premio Goncourt,Philippe Hériat,masculino
Premio Goncourt,Henry Malherbe,masculino
Premio Goncourt,René Benjamin,masculino
Premio Goncourt,Lucien Bodard,masculino
Premio Goncourt,Joseph Peyré,masculino
Premio Strega,Domenico Starnone,masculino
Premio Booker,Penelope Lively,femenino
Premio Booker,Keri Hulme,femenino
Premio Booker,Penelope Fitzgerald,femenino
Premio Hans Christian Andersen,Ana Maria Machado,femenino
Premio Nacional de Narrativa,José María Merino,masculino
Premio Nacional de Literatura Infantil y Juvenil,José María Merino,masculino
Premio Nacional de Literatura Infantil y Juvenil,Pep Albanell,masculino
Premio Booker,Eleanor Catton,femenino
Premio Booker,Anna Burns,femenino
Premio Nadal,Alfonso Martínez Garrido,masculino
Premio Nadal,José María Requena,masculino
Premio Alfaguara de Novela,Cristian Alarcón Casanova,masculino
Premio Alfaguara de Novela,Héctor Vázquez-Azpiri,masculino
Premio Nacional de Narrativa,Alfredo Bryce Echenique,masculino
Premio Nacional de Narrativa,Juan Manuel de Prada,masculino
Premio Nadal,Carmen Gómez Ojea,femenino
Premio Booker,James Kelman,masculino
Premio Booker,Stanley Middleton,masculino
Premio Booker,David Storey,masculino
Premio Booker,Julian Barnes,masculino
Premio Booker,Aravind Adiga,masculino
Premio Miguel de Cervantes,Ida Vitale,femenino
Premio Booker,Bernardine Evaristo,femenino
Premio Goncourt,Francis de Miomandre,masculino
Premio Goncourt,Roger Vercel,masculino
Premio Nadal,Raúl Guerra Garrido,masculino
Premio Nacional de Literatura Infantil y Juvenil,Mariasun Landa,femenino
Premio Booker,Paul Beatty,masculino
Premio Nacional de Narrativa,Marcos Giralt Torrente,masculino
Premio Nacional de Literatura Infantil y Juvenil,Eliacer Cansino,masculino
Premio Nadal,Inés Martín Rodrigo,femenino
Premio Booker,Iris Murdoch,femenino
Premio Nacional de Literatura Infantil y Juvenil,Carmen Conde,femenino
Premio Planeta,Ángeles Caso,femenino
Premio Planeta,Espido Freire,femenino
Premio Nacional de Poesía,Chantal Maillard,femenino
Premio Planeta,Maruja Torres,femenino
Premio Nacional de Poesía,Olga Novo,femenino
Premio Miguel de Cervantes,José Manuel Caballero Bonald,masculino
Premio Nacional de Literatura Infantil y Juvenil,Maite Carranza,femenino
Premio Nacional de Literatura Infantil y Juvenil,Emili Teixidor,masculino
Premio Nacional de Literatura Infantil y Juvenil,Antonio Rodríguez Almodóvar,masculino
Premio Nacional de Literatura Infantil y Juvenil,Alfonso Martínez-Mena,masculino
Premio Nacional de Narrativa,Suso de Toro,masculino
Premio Nacional de Literatura Infantil y Juvenil,Joan Manuel Gisbert,masculino
Premio Nacional de Literatura Infantil y Juvenil,Andreu Martín,masculino
Premio Hans Christian Andersen,Eleanor Farjeon,femenino
Premio Nacional de Narrativa,Manuel Rivas,masculino
Premio Nacional de Narrativa,Alfredo Conde,masculino
Premio Nacional de Literatura Infantil y Juvenil,Fernando Marías Amondo,masculino
Premio Nacional de Literatura Infantil y Juvenil,Laura Gallego García,femenino
Premio Nacional de Narrativa,Juan José Millás,masculino
Premio Nacional de Narrativa,Luis Goytisolo,masculino
Premio Nacional de Literatura Infantil y Juvenil,Fernando Lalana,masculino
Premio Nacional de Literatura Infantil y Juvenil,Raimon Portell,masculino
Premio Nacional de Literatura Infantil y Juvenil,Juan Kruz Igerabide,masculino
Premio Nacional de Literatura Infantil y Juvenil,Paco Martín,masculino
Premio Nacional de Narrativa,Xesús Fraga,masculino
Premio Nacional de Literatura Infantil y Juvenil,Diego Arboleda,masculino
Premio Nacional de Literatura Infantil y Juvenil,César Mallorquí,masculino
Premio Nacional de Narrativa,Juan Bonilla,masculino
Premio Nacional de Literatura Infantil y Juvenil,Miguel Ángel Pacheco,masculino
Premio Planeta,Álvaro Pombo,masculino
Premio Nacional de Literatura Infantil y Juvenil,Juan Farias,masculino
Premio Nacional de Narrativa,Álvaro Pombo,masculino
Premio Nadal,Luis Gasulla,masculino
Premio Nadal,José María Sanjuán Urmeneta,masculino
Premio Nadal,José Luis de Tomás García,masculino
Premio Nacional de Narrativa,Cristina Morales,femenino
Premio Booker,Damon Galgut,masculino
Premio Booker,P. H. Newby,masculino
Premio Nacional de Literatura Infantil y Juvenil,Gabriel Janer Manila,masculino
Premio Nacional de Literatura Infantil y Juvenil,Carlos Murciano,masculino
Premio Nacional de Narrativa,Fernando Aramburu,masculino
Premio Nacional de Literatura Infantil y Juvenil,Ledicia Costas,femenino
Premio Nacional de Narrativa,Javier Marías,masculino
Premio Nacional de Narrativa,Francisco Ayala,masculino
Premio Booker,James Gordon Farrell,masculino
Premio Booker,Paul Scott,masculino
Premio Booker,Barry Unsworth,masculino
Premio Planeta,Ángel María de Lera,masculino
Premio Planeta,Juan Eslava Galán,masculino
Premio Planeta,Ángel Vázquez Molina,masculino
Premio Planeta,Antonio Gala,masculino
Premio Booker,DBC Pierre,masculino
Premio Booker,Howard Jacobson,masculino
Premio Planeta,Javier Moro,masculino
Premio Nacional de Poesía,José Antonio Muñoz Rojas,masculino
Premio Planeta,Javier Sierra,masculino
Premio Nacional de Literatura Infantil y Juvenil,Alejandro Palomas,masculino
Premio Nacional de Literatura Infantil y Juvenil,Fernando Martínez Gil,masculino
Premio Planeta,Mario Vargas Llosa,masculino
Premio Planeta,Eduardo Mendoza,masculino
Premio Planeta,Concha Alós,femenino
Premio Nacional de Literatura Infantil y Juvenil,Antonio García Teijeiro,masculino
Premio Nacional de Narrativa,José Luis Castillo-Puche,masculino
Premio Nacional de Narrativa,Luis Landero,masculino
Premio Nacional de Narrativa,Manuel Vázquez Montalbán,masculino
Premio Nacional de Narrativa,Javier Cercas,masculino
Premio Planeta,Antonio Prieto Martín,masculino
Premio Planeta,Antonio Santos Mercero,masculino
Premio Strega,Melania G. Mazzucco,femenino
Premio Strega,Margaret Mazzantini,femenino
Premio Hans Christian Andersen,Virginia Hamilton,femenino
Premio Nacional de Literatura Infantil y Juvenil,Jordi Sierra i Fabra,masculino
Premio Nacional de Literatura Infantil y Juvenil,Vicente Muñoz Puelles,masculino
Premio Planeta,Carmen Posadas,femenino
Premio Nacional de Literatura Infantil y Juvenil,Fina Casalderrey,femenino
Premio Nacional de Literatura Infantil y Juvenil,Montserrat del Amo,femenino
Premio Planeta,Camilo José Cela,masculino
Premio Planeta,Marcos Aguinis,masculino
Premio Nacional de Poesía,Pere Gimferrer,masculino
Premio Planeta,Jorge Zepeda Patterson,masculino
Premio Planeta,Clara Sánchez,femenino
Premio Nacional de Poesía,Joan Margarit i Consarnau,masculino
Premio Planeta,Jesús Torbado Carro,masculino
Premio Planeta,Fernando Schwartz,masculino
Premio Planeta,Rodrigo Rubio,masculino
Premio Planeta,Francisco González Ledesma,masculino
Premio Nacional de Literatura Infantil y Juvenil,Agustín Fernández Paz,masculino
Premio Nacional de Narrativa,Unai Elorriaga López de Letona,masculino
Premio Planeta,Maria de la Pau Janer,femenino
Premio Planeta,Marcela Serrano,femenino
Premio Planeta,Soledad Puértolas,femenino
Premio Planeta,Alicia Giménez Bartlett,femenino
Premio Planeta,Ana María Matute,femenino
Premio Planeta,Lucía Etxebarria,femenino
Premio Planeta,Rosa Regàs,femenino
Premio Nacional de Narrativa,Cristina Fernández Cubas,femenino
Premio Booker,Thomas Keneally,masculino
Premio Booker,John Banville,masculino
Premio Nacional de Narrativa,Luis Mateo Díez,masculino
Premio Nacional de Literatura Infantil y Juvenil,Xabier P. Docampo,masculino
Premio Nacional de Poesía,Dámaso Alonso,masculino
Premio Planeta,Manuel Vázquez Montalbán,masculino
Premio Planeta,Fernando Savater,masculino
Premio Nacional de Narrativa,Antonio Muñoz Molina,masculino
Premio Nacional de Narrativa,Concha Espina,femenino
Premio Planeta,Antonio Muñoz Molina,masculino
Premio Nacional de Poesía,Antonio Colinas,masculino
Premio Nacional de Poesía,Leopoldo de Luis,masculino
Premio Planeta,Javier Cercas,masculino
Premio Nacional de Poesía,Gerardo Diego,masculino
Premio Nacional de Narrativa,Jesús Fernández Santos,masculino
Premio Nacional de Narrativa,Vicente Molina Foix,masculino
Premio Planeta,Fernando González Delgado,masculino
Premio Planeta,Jesús Zárate,masculino
Premio Planeta,Jorge Díaz,masculino
Premio Planeta,Carmen Kurtz,femenino
Premio Planeta,Carlos Rojas Vila,masculino
Premio Planeta,Jesús Fernández Santos,masculino
Premio Princesa de Asturias de las Letras,Leonard Cohen,masculino
Premio Nacional de Narrativa,Ignacio Martínez de Pisón,masculino
Premio Nacional de Literatura Infantil y Juvenil,Miquel Desclot,masculino
Premio Nacional de Narrativa,Carlos Rojas Vila,masculino
Premio Nacional de Narrativa,Ramiro Pinilla,masculino
Premio Nacional de Poesía,Ángel García López,masculino
Premio Nacional de Poesía,Joan Vinyoli,masculino
Premio Planeta,Marta Portal,femenino
Premio Princesa de Asturias de las Letras,Günter Grass,masculino
Premio Nacional de Narrativa,Carmen Martín Gaite,femenino
Premio Nacional de Narrativa,Almudena Grandes,femenino
Premio Nacional de Literatura Infantil y Juvenil,Jaume Ribera,masculino
Premio Nacional de Narrativa,Gustavo Martín Garzo,masculino
Premio Nacional de Literatura Infantil y Juvenil,Gustavo Martín Garzo,masculino
Premio Planeta,Carmen Mola,femenino
Premio Nacional del Libro de Ficción,William Faulkner,masculino
Premio Planeta,Ramón J. Sender,masculino
Premio Planeta,Terenci Moix,masculino
Premio Planeta,Daniel Sánchez Arévalo,masculino
Premio Planeta,José Luis Olaizola,masculino
Premio Planeta,Andrés Bosch,masculino
Premio Planeta,Fernando Sánchez Dragó,masculino
Premio Planeta,José María Gironella,masculino
Premio Planeta,Ricardo de la Cierva y Hoces,masculino
Premio Planeta,Antonio Larreta,masculino
Premio Planeta,Juan Marsé,masculino
Premio Planeta,Gonzalo Torrente Ballester,masculino
Premio Nacional de Poesía,José Hierro,masculino
Premio Planeta,Juan Manuel de Prada,masculino
Premio Nacional de Poesía,Luis Rosales,masculino
Premio Nacional de Poesía,Antonio Gamoneda,masculino
Premio Planeta,Jorge Semprún,masculino
Premio Planeta,Cristina López Barrio,femenino
Premio Planeta,Eva García Sáenz de Urturi,femenino
Premio Planeta,Juan Antonio Vallejo-Nágera,masculino
Premio Planeta,Juan José Mira,masculino
Premio Planeta,Luis Romero,masculino
Premio Planeta,Fernando Bermúdez de Castro,masculino
Premio Planeta,Manuel Ferrand Murillo,masculino
Premio Planeta,Agustín Martínez,masculino
Premio Planeta,Carlos Rojas,masculino
Premio Planeta,Mercedes Salisachs,femenino
Premio Planeta,Care Santos,femenino
Premio Princesa de Asturias de las Letras,Amin Maalouf,masculino
Premio Planeta,Juan Benet,masculino
Premio Planeta,Boris Izaguirre,masculino
Premio Planeta,Jaime Bayly,masculino
Premio Nacional de Narrativa,Alberto Méndez,masculino
Premio Nacional de Literatura Infantil y Juvenil,Josep Vallverdú,masculino
Premio Nacional de Narrativa,José Luis Acquaroni,masculino
Premio Nacional de Literatura Infantil y Juvenil,Carmen Bravo-Villasante,femenino
Premio Nacional de Literatura Infantil y Juvenil,Carmen Vázquez-Vigo,femenino
Premio Nacional de Literatura Infantil y Juvenil,Emilio Pascual,masculino
Premio Nacional de Literatura Infantil y Juvenil,Alfredo Gómez Cerdá,masculino
Premio Planeta,Dolores Redondo,femenino
Premio Booker,George Saunders,masculino
Premio Booker,Richard Flanagan,masculino
Premio Nacional del Libro de Ficción,William T. Vollmann,masculino
Premio Nacional del Libro de Ficción,Thomas Pynchon,masculino
Premio Princesa de Asturias de las Letras,Mario Vargas Llosa,masculino
Premio Princesa de Asturias de las Letras,Susan Sontag,femenino
Premio Nacional del Libro de Ficción,Susan Sontag,femenino
Premio Princesa de Asturias de las Letras,Margaret Atwood,femenino
Premio Nacional del Libro de Ficción,John Steinbeck,masculino
Premio Princesa de Asturias de las Letras,Doris Lessing,femenino
Premio Planeta,Emilio Romero Gómez,masculino
Premio Planeta,Raúl Guerra Garrido,masculino
Premio Booker,Neel Mukherjee,masculino
Premio Booker,Marlon James,masculino
Premio Booker,Douglas Stuart,masculino
Premio Booker,Dibya Ranjan Giri,masculino
Premio Nacional del Libro de Ficción,Saul Bellow,masculino
Premio Nacional del Libro de Ficción,Joyce Carol Oates,femenino
Premio Princesa de Asturias de las Letras,John Banville,masculino
Premio Nacional del Libro de Ficción,John Barth,masculino
Premio Planeta,Tomás Salvador,masculino
Premio Planeta,Torcuato Luca de Tena,masculino
Premio Nacional de Poesía,Luis García Montero,masculino
Premio Planeta,Juan José Millás,masculino
Premio Nacional del Libro de Ficción,John Irving,masculino
Premio Princesa de Asturias de las Letras,Francisco Ayala,masculino
Premio Nacional del Libro de Ficción,William Gaddis,masculino
Premio Nacional del Libro de Ficción,Pete Dexter,masculino
Premio Nacional del Libro de Ficción,James Jones,masculino
Premio Planeta,Lorenzo Silva,masculino
Premio Nacional del Libro de Ficción,Walker Percy,masculino
Premio Princesa de Asturias de las Letras,Ismail Kadare,masculino
Premio Princesa de Asturias de las Letras,Arthur Miller,masculino
Premio Princesa de Asturias de las Letras,Camilo José Cela,masculino
Premio Nacional del Libro de Ficción,John Updike,masculino
Premio de la Crítica Española,Vicente Aleixandre,masculino
Premio Princesa de Asturias de las Letras,Amos Oz,masculino
Premio Nacional del Libro de Ficción,Thornton Wilder,masculino
Premio Princesa de Asturias de las Letras,Miguel Delibes,masculino
Premio Princesa de Asturias de las Letras,Carlos Fuentes,masculino
Premio Planeta,Nativel Preciado,femenino
Premio Nacional del Libro de Ficción,Andrea Barrett,femenino
Premio Planeta,Alfredo Bryce Echenique,masculino
Premio Nacional del Libro de Ficción,Bernard Malamud,masculino
Premio Planeta,Santiago Lorén,masculino
Premio Planeta,Santiago Posteguillo,masculino
Premio Princesa de Asturias de las Letras,Fred Vargas,femenino
Premio Princesa de Asturias de las Letras,Fatema Mernissi,femenino
Premio Nacional del Libro de Ficción,Annie Proulx,femenino
Gran Premio de Novela de la Academia Francesa,Éric Neuhoff,masculino
Gran Premio de Novela de la Academia Francesa,Étienne de Montety,masculino
Gran Premio de Novela de la Academia Francesa,Adrien Bosc,masculino
Premio de la Paz del Comercio Librero Alemán,Theodor Heuss,masculino
Premio Princesa de Asturias de las Letras,Philip Roth,masculino
Premio Nacional del Libro de Ficción,Philip Roth,masculino
Premio Princesa de Asturias de las Letras,Francisco Umbral,masculino
Premio Nacional del Libro de Ficción,E. L. Doctorow,masculino
Premio Nacional del Libro de Ficción,John Cheever,masculino
Premio Nacional de Poesía,Carmen Conde,femenino
Premio Nacional del Libro de Ficción,Jonathan Franzen,masculino
Premio Nacional del Libro de Ficción,Jerzy Kosinski,masculino
Premio Princesa de Asturias de las Letras,Adam Zagajewski,masculino
Gran Premio de Novela de la Academia Francesa,Liliane Guignabodet,femenino
Premio de la Crítica Española,Rosa Chacel,femenino
Premio de la Crítica Española,Núria Perpinyà,femenino
Gran Premio de Novela de la Academia Francesa,Joël Dicker,masculino
Gran Premio de Novela de la Academia Francesa,Louis Gardel,masculino
Gran Premio de Novela de la Academia Francesa,Louis de Blois,masculino
Premio Planeta,Cristóbal Zaragoza,masculino
Premio Planeta,Xavier Benguerel,masculino
Premio Planeta,Antonio Skármeta,masculino
Premio Princesa de Asturias de las Letras,Juan Rulfo,masculino
Premio de la Paz del Comercio Librero Alemán,Fritz Stern,masculino
Premio de la Paz del Comercio Librero Alemán,Alexander Mitscherlich,masculino
Premio de la Paz del Comercio Librero Alemán,Wolf Lepenies,masculino
Premio Nacional del Libro de Ficción,Wallace Stegner,masculino
Premio Princesa de Asturias de las Letras,Claudio Magris,masculino
Premio Nacional del Libro de Ficción,Denis Johnson,masculino
Premio de la Paz del Comercio Librero Alemán,Paul Tillich,masculino
Premio de la Paz del Comercio Librero Alemán,Augustin Bea,masculino
Premio Nacional del Libro de Ficción,Flannery O'Connor,femenino
Premio Nacional del Libro de Ficción,Katherine Anne Porter,femenino
Premio de la Paz del Comercio Librero Alemán,Marion Dönhoff,femenino
Premio Princesa de Asturias de las Letras,Pablo García Baena,masculino
Premio Princesa de Asturias de las Letras,Francisco Nieva,masculino
Premio Nacional del Libro de Ficción,William Styron,masculino
Premio Princesa de Asturias de las Letras,Álvaro Mutis,masculino
Premio de la Crítica Española,Juana Castro Muñoz,femenino
Premio de la Crítica Española,Elías Gómez Picazo,masculino
Premio Nacional del Libro de Ficción,Ellen Gilchrist,femenino
Premio de la Paz del Comercio Librero Alemán,Hermann Hesse,masculino
Premio de la Paz del Comercio Librero Alemán,Jan Assmann,masculino
Premio de la Paz del Comercio Librero Alemán,Carl Friedrich von Weizsäcker,masculino
Premio de la Paz del Comercio Librero Alemán,Alfred Grosser,masculino
Premio de la Paz del Comercio Librero Alemán,Martin Buber,masculino
Premio de la Paz del Comercio Librero Alemán,Karl Dedecius,masculino
Premio de la Paz del Comercio Librero Alemán,Jürgen Habermas,masculino
Premio de la Crítica Española,Raquel Lanseros,femenino
Premio Nacional del Libro de Ficción,Alice Walker,femenino
Premio Nacional del Libro de Ficción,Eudora Welty,femenino
Premio Princesa de Asturias de las Letras,Siri Hustvedt,femenino
Premio Princesa de Asturias de las Letras,Nélida Piñón,femenino
Premio Princesa de Asturias de las Letras,Carmen Martín Gaite,femenino
Premio Princesa de Asturias de las Letras,Richard Ford,masculino
Premio Nacional del Libro de Ficción,John O'Hara,masculino
Premio de la Paz del Comercio Librero Alemán,Annemarie Schimmel,femenino
Premio de la Paz del Comercio Librero Alemán,Reinhold Schneider,masculino
Premio de la Paz del Comercio Librero Alemán,Manès Sperber,masculino
Premio de la Paz del Comercio Librero Alemán,Václav Havel,masculino
Premio de la Paz del Comercio Librero Alemán,Nelly Sachs,femenino
Premio de la Paz del Comercio Librero Alemán,Siegfried Lenz,masculino
Premio de la Crítica Española,María Victoria Atencia,femenino
Gran Premio de Novela de la Academia Francesa,Roger Chauviré,masculino
Gran Premio de Novela de la Academia Francesa,Yves Gandon,masculino
Gran Premio de Novela de la Academia Francesa,Édouard Peisson,masculino
Premio de la Crítica Española,Antonio Muñoz Molina,masculino
Premio Princesa de Asturias de las Letras,Antonio Muñoz Molina,masculino
Premio Princesa de Asturias de las Letras,Leonardo Padura Fuentes,masculino
Premio Nacional del Libro de Ficción,Ralph Ellison,masculino
Premio Nacional del Libro de Ficción,Don DeLillo,masculino
Premio Princesa de Asturias de las Letras,Gonzalo Torrente Ballester,masculino
Premio Princesa de Asturias de las Letras,Arturo Uslar Pietri,masculino
Premio de la Crítica Española,José María Guelbenzu,masculino
Premio Princesa de Asturias de las Letras,José Ángel Valente,masculino
Premio Princesa de Asturias de las Letras,Paul Auster,masculino
Premio Princesa de Asturias de las Letras,Claudio Rodríguez,masculino
Premio Princesa de Asturias de las Letras,Ricardo Gullón,masculino
Premio de la Crítica Española,Claudio Rodríguez Fer,masculino
Premio Nacional del Libro de Ficción,Richard Powers,masculino
Premio Princesa de Asturias de las Letras,Emmanuel Carrère,masculino
Premio de la Crítica Española,Luis Rosales,masculino
Premio Princesa de Asturias de las Letras,Ángel González,masculino
Premio Princesa de Asturias de las Letras,José Hierro,masculino
Premio de la Paz del Comercio Librero Alemán,Karl Jaspers,masculino
Gran Premio de Novela de la Academia Francesa,Yvonne Pagniez,femenino
Premio de la Paz del Comercio Librero Alemán,Albert Schweitzer,masculino
Premio de la Paz del Comercio Librero Alemán,Friedrich Schorlemmer,masculino
Premio de la Paz del Comercio Librero Alemán,Jaron Lanier,masculino
Premio de la Paz del Comercio Librero Alemán,Carl Jacob Burckhardt,masculino
Premio Princesa de Asturias de las Letras,Anne Carson,femenino
Premio de la Paz del Comercio Librero Alemán,Ernst Bloch,masculino
Premio de la Paz del Comercio Librero Alemán,Mario Vargas Llosa,masculino
Premio de la Paz del Comercio Librero Alemán,Max Frisch,masculino
Premio de la Crítica Española,Lorenzo Oliván,masculino
Premio de la Crítica Española,Guillermo Carnero,masculino
Premio Princesa de Asturias de las Letras,Rafael Lapesa Melgar,masculino
Premio de la Paz del Comercio Librero Alemán,Hans Jonas,masculino
Premio de la Paz del Comercio Librero Alemán,Martin Walser,masculino
Premio de la Paz del Comercio Librero Alemán,Romano Guardini,masculino
Premio de la Paz del Comercio Librero Alemán,Octavio Paz,masculino
Premio de la Paz del Comercio Librero Alemán,Aleida Assmann,femenino
Gran Premio de Novela de la Academia Francesa,Pierre Lagarde,masculino
Gran Premio de Novela de la Academia Francesa,Pierre Moustiers,masculino
Gran Premio de Novela de la Academia Francesa,Pierre Villetard,masculino
Gran Premio de Novela de la Academia Francesa,Robert Bourget-Pailleron,masculino
Gran Premio de Novela de la Academia Francesa,Robert Margerit,masculino
Gran Premio de Novela de la Academia Francesa,Marie Ferranti,femenino
Premio de la Paz del Comercio Librero Alemán,Roger Schutz,masculino
Premio de la Paz del Comercio Librero Alemán,Amartya Sen,masculino
Premio de la Paz del Comercio Librero Alemán,Navid Kermani,masculino
Premio de la Paz del Comercio Librero Alemán,Amos Oz,masculino
Premio de la Paz del Comercio Librero Alemán,Thornton Wilder,masculino
Gran Premio de Novela de la Academia Francesa,Marc Blancpain,masculino
Gran Premio de Novela de la Academia Francesa,Marc Bressant,masculino
Gran Premio de Novela de la Academia Francesa,Michel de Saint Pierre,masculino
Gran Premio de Novela de la Academia Francesa,Pascal Jardin,masculino
Premio de la Paz del Comercio Librero Alemán,Alva Myrdal,femenino
Premio Nacional del Libro de Ficción,Cormac McCarthy,masculino
Premio Nacional del Libro de Ficción,Louise Erdrich,femenino
Premio de la Paz del Comercio Librero Alemán,George F. Kennan,masculino
Premio de la Paz del Comercio Librero Alemán,Sarvepalli Radhakrishnan,masculino
Premio de la Paz del Comercio Librero Alemán,Chinua Achebe,masculino
Premio de la Paz del Comercio Librero Alemán,Orhan Pamuk,masculino
Premio de la Paz del Comercio Librero Alemán,Yehudi Menuhin,masculino
Premio de la Crítica Española,Abelardo Linares,masculino
Premio de la Crítica Española,Antonio Soler,masculino
Premio de la Paz del Comercio Librero Alemán,Janusz Korczak,masculino
Premio de la Paz del Comercio Librero Alemán,David Grossman,masculino
Premio de la Paz del Comercio Librero Alemán,Péter Esterházy,masculino
Premio de la Paz del Comercio Librero Alemán,Gabriel Marcel,masculino
Premio de la Crítica Española,José María Merino,masculino
Premio Princesa de Asturias de las Letras,Carlos Bousoño,masculino
Premio de la Crítica Española,Arcadio López Casanova,masculino
Premio de la Paz del Comercio Librero Alemán,Assia Djebar,femenino
Gran Premio de Novela de la Academia Francesa,Paule Régnier,femenino
Premio de la Paz del Comercio Librero Alemán,Tsitsi Dangarembga,femenino
Premio de la Paz del Comercio Librero Alemán,Svetlana Aleksiévich,femenino
Premio de la Paz del Comercio Librero Alemán,Margaret Atwood,femenino
Premio de la Paz del Comercio Librero Alemán,Gunnar Myrdal,masculino
Premio Princesa de Asturias de las Letras,Augusto Monterroso,masculino
Premio de la Paz del Comercio Librero Alemán,Anselm Kiefer,masculino
Premio literario Nike,Joanna Bator,femenino
Premio Hans Christian Andersen,Agnia Bartó,femenino
Premio de la Paz del Comercio Librero Alemán,Astrid Lindgren,femenino
Premio Hans Christian Andersen,Uri Orlev,masculino
Premio Hans Christian Andersen,david almond,masculino
Premio de la Paz del Comercio Librero Alemán,Susan Sontag,femenino
Premio de la Paz del Comercio Librero Alemán,Max Tau,masculino
Gran Premio de Novela de la Academia Francesa,Paul Acker,masculino
Gran Premio de Novela de la Academia Francesa,Paul Mousset,masculino
Gran Premio de Novela de la Academia Francesa,Pham Van Ky,masculino
Premio de la Crítica Española,Ignacio Aldecoa,masculino
Premio de la Crítica Española,Luis Goytisolo,masculino
Premio Café Gijón,José Carlos Somoza,masculino
Premio Castilla y León de las Letras,José Jiménez Lozano,masculino
Premio Anagrama,Xavier Rubert de Ventós,masculino
Premio de la Paz del Comercio Librero Alemán,Léopold Sédar Senghor,masculino
Premio de la Paz del Comercio Librero Alemán,Leszek Kołakowski,masculino
Premio de la Paz del Comercio Librero Alemán,Jorge Semprún,masculino
Premio Hans Christian Andersen,Dušan Kállay,masculino
Premio Hans Christian Andersen,Robert Ingpen,masculino
Premio Goncourt,Patrick Grainville,masculino
Premio Goncourt,Paul Colin,masculino
Premio Nacional de Poesía,Alfonsa de la Torre,femenino
Premio Hans Christian Andersen,Dvora Omer,femenino
Premio Hans Christian Andersen,Martin Waddell,masculino
Premio Hans Christian Andersen,Bohumil Říha,masculino
Premio Hans Christian Andersen,Villy Sørensen,masculino
Premio literario Nike,Karol Modzelewski,masculino
Premio Hans Christian Andersen,Jörg Müller,masculino
Premio Hans Christian Andersen,Nahum Gutman,masculino
Premio de la Paz del Comercio Librero Alemán,Ernesto Cardenal,masculino
Premio de la Paz del Comercio Librero Alemán,Teddy Kollek,masculino
Premio Castilla y León de las Letras,Josefina Aldecoa,femenino
Premio Castilla y León de las Letras,Rosa Chacel,femenino
Premio El Barco de Vapor,Care Santos,femenino
Premio Nacional de Poesía,Olvido García Valdés,femenino
Premio Iberoamericano de Poesía Pablo Neruda,Elvira Hernández,femenino
Premio Café Gijón,Dolores Soler-Espiauba,femenino
Premio Iberoamericano de Poesía Pablo Neruda,Ernesto Cardenal,masculino
Premio Café Gijón,César González-Ruano,masculino
Premio Anagrama,Dardo Scavino,masculino
Premio Nacional de Poesía,José Manuel Caballero Bonald,masculino
Premio Anagrama,Josep M. Colomer,masculino
Premio Café Gijón,José Antonio Garriga Vela,masculino
Premio Hiperión,José Daniel García,masculino
Premio Café Gijón,José Luis Muñoz Jimeno,masculino
Premio Hiperión,Benjamín Prado,masculino
Premio Nacional de Poesía,Diego Jesús Jiménez,masculino
Premio de la Paz del Comercio Librero Alemán,Claudio Magris,masculino
Premio Goncourt,Éric Vuillard,masculino
Premio Hans Christian Andersen,Baruch Tor-Raz,masculino
Premio literario Nike,Andrzej Franaszek,masculino
Premio Café Gijón,Eduardo Mendicutti,masculino
Premio Café Gijón,Martín Casariego,masculino
Premio Hiperión,Andrés Neuman,masculino
Premio Café Gijón,Carmen Martín Gaite,femenino
Premio Iberoamericano de Poesía Pablo Neruda,Carmen Berenguer,femenino
Premio Hans Christian Andersen,Mira Meir,femenino
Premio Hans Christian Andersen,Nahoko Uehashi,femenino
Premio Café Gijón,José Luis Rodríguez del Corral,masculino
Premio Hiperión,José Manuel Díez,masculino
Premio Hiperión,José María Micó,masculino
Premio Nacional de Poesía,José María Millares,masculino
Premio Nacional de Poesía,Guillermo Carnero,masculino
Premio Hiperión,Javier Cánaves,masculino
Premio Café Gijón,Jorge Ferrer Vidal,masculino
Premio Strega,Manlio Cancogni,masculino
Premio Strega,Vincenzo Consolo,masculino
Premio Nacional de Poesía,Julia Uceda,femenino
Premio Hiperión,Luisa Castro,femenino
Premio Nacional de Poesía,Francisca Aguirre,femenino
Premio Anagrama,José Ovejero,masculino
Premio Café Gijón,Juan María Mansera Conde,masculino
Premio El Barco de Vapor,Juan Muñoz Martín,masculino
Premio Café Gijón,Fernando Quiñones,masculino
Premio Anagrama,Javier Echeverría,masculino
Premio Castilla y León de las Letras,José María Merino,masculino
Premio literario Nike,Marian Pilot,masculino
Premio Hans Christian Andersen,Kelvin Lindemann,masculino
Premio Nacional de Poesía,Julio Martínez Mesanza,masculino
Premio Nacional de Poesía,Juan Carlos Mestre,masculino
Premio Nacional de Poesía,Vicente Gaos,masculino
Premio Nacional de Poesía,Carlos Sahagún,masculino
Premio Nacional de Poesía,Luis Alberto de Cuenca,masculino
Premio Café Gijón,Gonzalo Torrente Malvido,masculino
Premio Nacional de Poesía,Carlos Bousoño,masculino
Premio Nacional de Poesía,William Ospina,masculino
Premio El Barco de Vapor,Joan Manuel Gisbert,masculino
Premio Café Gijón,A. G. Porta,masculino
Premio El Barco de Vapor,Alfonso Martínez-Mena,masculino
Premio Anagrama,José Luis Pardo,masculino
Premio Nacional de Poesía,Francisco Brines,masculino
Premio Nacional de Poesía,Rafael Guillén,masculino
Premio Anagrama,Eugenio Trías,masculino
Premio Nacional de Poesía,Claudio Rodríguez,masculino
Premio Castilla y León de las Letras,Andrés Trapiello,masculino
Premio Nacional de Poesía,Carlos Murciano,masculino
Premio Café Gijón,Diego Doncel,masculino
Premio Café Gijón,José Carol Archs,masculino
Premio Nacional de Poesía,Antònia Vicens,femenino
Premio Hiperión,Laura Campmany,femenino
Premio Hans Christian Andersen,Sh. Shifra,femenino
Premio Goncourt,Leïla Slimani,femenino
Premio Nacional de Poesía,Carlos Marzal,masculino
Premio Nacional de Poesía,Miguel Fernández,masculino
Premio El Barco de Vapor,María Baranda,femenino
Premio Hiperión,Miriam Reyes,femenino
Premio Hiperión,Luis Bagué Quílez,masculino
Premio Hiperión,Luis Melgarejo,masculino
Premio Café Gijón,Fulgencio Argüelles,masculino
Premio El Barco de Vapor,José Luis Olaizola,masculino
Premio Nacional de Poesía,Adriano del Valle,masculino
Premio Nacional de Poesía,Ángeles Mora,femenino
Premio Hiperión,Miguel Casado,masculino
Premio Iberoamericano de Poesía Pablo Neruda,Joan Margarit i Consarnau,masculino
Premio Nacional de Poesía,José Ángel Valente,masculino
Premio Nacional de Poesía,Félix Grande,masculino
Premio Dulce Chacón de Narrativa Española,Ignacio Martínez de Pisón,masculino
Premio Goncourt,Pierre Lemaitre,masculino
Premio Goncourt,Roger Ikor,masculino
Premio Goncourt,Thierry Sandre,masculino
Premio Nacional de Poesía,Jose Luis Prado Nogueira,masculino
Premio Café Gijón,Lázaro Covadlo,masculino
Premio Anagrama,Manuel Cruz,masculino
Premio Nacional de Poesía,Alfonso Canales,masculino
Premio Café Gijón,Alfredo Taján,masculino
Premio Iberoamericano de Poesía Pablo Neruda,Gloria Gervitz,femenino
Premio Café Gijón,Rafael Azuar,masculino
Premio Hiperión,Rafael Espejo,masculino
Premio El Barco de Vapor,Pilar Lozano Carbayo,femenino
Premio Dulce Chacón de Narrativa Española,Andrea Abreu López,femenino
Premio Anagrama,Patricia Soley-Beltrán,femenino
Premio Hiperión,David Hernández Sevillano,masculino
Premio Hiperión,Carlos Briones,masculino
Premio Café Gijón,Carmen Boullosa,femenino
Premio Anagrama,Soledad Puértolas,femenino
Premio Café Gijón,Fernando Chivite,masculino
Premio Hiperión,Jesús Aguado,masculino
Premio Café Gijón,Luis Mateo Díez,masculino
Premio Café Gijón,Miguel-Anxo Murado,masculino
Premio Anagrama,Víctor Gómez Pin,masculino
Premio El Barco de Vapor,Fernando Lalana,masculino
Premio El Barco de Vapor,Paco Martín,masculino
Premio Café Gijón,Emilio Sola,masculino
Premio Café Gijón,Luis del Val,masculino
Premio Nacional de Poesía,Luis Álvarez Piñer,masculino
Premio Café Gijón,Luís Blanco Vila,masculino
Premio Café Gijón,Leonardo Padura Fuentes,masculino
Premio literario Nike,Magdalena Grochowska,femenino
Premio Nacional de Poesía,Miren Agur Meabe,femenino
Premio Nacional de Poesía,Pilar Pallarés García,femenino
Premio Café Gijón,Ana María Matute,femenino
Premio El Barco de Vapor,Laura Gallego García,femenino
Premio Nacional de Poesía,José Corredor Matheos,masculino
Premio Nacional de Poesía,Manuel Álvarez Torneiro,masculino
Premio Hiperión,Ana Isabel Conejo,femenino
Premio Hiperión,Carmen Jodra,femenino
Premio Goncourt,Nicolas Mathieu,masculino
Premio Goncourt,Mohamed Mbougar Sarr,masculino
Premio Café Gijón,Víctor Chamorro,masculino
Premio Hiperión,Álvaro García,masculino
Premio Hiperión,Álvaro Tato,masculino
Premio Nacional de Poesía,Antonio Carvajal,masculino
Premio Hiperión,Jorge Ortega,masculino
Premio Anagrama,Norbert Bilbeny,masculino
Premio Anagrama,Manuel Delgado Ruiz,masculino
Premio Anagrama,Antonio Escohotado,masculino
Premio Nacional de Poesía,Basilio Fernández López,masculino
Premio Hiperión,Ben Clark,masculino
Premio Hiperión,Ariadna G. García,femenino
Premio Café Gijón,Begoña García-Diego,femenino
Premio El Barco de Vapor,Andrea Ferrari,femenino
Premio Nacional de Poesía,Antonio Hernández Ramírez,masculino
Premio Castilla y León de las Letras,Eugenio García de Nora,masculino
Premio Café Gijón,Eusebio García Luengo,masculino
Premio Nacional de Poesía,Felipe Benítez Reyes,masculino
Premio Anagrama,Jordi Llovet i Pomar,masculino
Premio Hiperión,Fermín Herrero,masculino
Premio Anagrama,Daniel Gamper,masculino
Premio Café Gijón,Matías Montes Huidobro,masculino
Premio Café Gijón,Víctor Maña,masculino
Premio Hiperión,Juan Manuel Muñoz Aguirre,masculino
